{"intents": [
        {"tag": "greeting",
         "patterns": ["Hi","Is anyone there", "Hello", "What's up", "Nice to meet you"],
         "responses": ["Pleased to meet you", "Hello there!", "Hi there, how can I help?"]
        },
        {"tag": "about",
         "patterns": ["Who are you", "What are you", "What is your name", "What is Skanbot", "What is a chatbot"],
         "responses": ["My name is Skanbot, and I am an AI chatbot working for SkanSec. My aim is to answer any of your questions regarding SkanSec"]
        },
        {"tag": "goodbye",
         "patterns": ["Goodbye", "See you later", "Bye"],
         "responses": ["See you later", "Have a nice day", "Til next time", "Goodbye"]
        },
        {"tag": "apologise",
         "patterns": ["Sorry", "Apologise", "My bad", "My fault"],
         "responses": ["Nobody's fault here"]
        },
        {"tag": "thanks",
         "patterns": ["Thank you", "Thx", "Ty"],
         "responses": ["You are welcome", "No problem", "Anytime", "My pleasure", "Don't mention it"]
        },
        {"tag": "noanswer",
         "patterns": [""],
         "responses": ["Sorry, I do not understand", "Not sure I understand"]
        },
        {"tag": "skansec",
         "patterns": ["What is SkanSec", "SkanSec"],
         "responses": ["SkanSec is a cybersecurity application that aims to provide users a safe and secure Internet experience. It targets at users who possesses many accounts and browse the Internet frequently. It uses tools such as URL Blocking, Password Strength Checker, etc. to ensure that its users are safe from attacks"]
        },
        {"tag": "cybersecurity",
         "patterns": ["What is cybersecurity", "Cybersecurity", "Attacks", "Awareness"],
         "responses": ["SkanSec wants to raise awareness for its users regarding cybersecurity. The most common attacks include <a href='http://localhost:8080/SkanSecAwareness/phishingwebsite.html'>phishing</a> and <a href='http://localhost:8080/SkanSecAwareness/malvertisingwebsite.html'>malware</a>"]
        },
        {"tag": "help",
         "patterns": ["Help", "Assist", "Functions"],
         "responses": ["SkanSec SkanSec's popular functions include a URL Blocker, Password Strength Checker, Social Media Status Detector and an AntiVirus Scanner. Which do you need help with?"]
        },
        {"tag": "url",
        "patterns": ["URL Blocker", "URL"],
        "responses": ["SkanSec's URL Scanning is in a chrome extension. It automatically blocks malicious websites for its users. Click <a href='https://onedrive.live.com/?authkey=%21ABklw35OzjJ%2DllA&id=747C6BA9B455E455%2111564&cid=747C6BA9B455E455'>here</a> to download"]
        },
        {"tag": "password",
         "patterns": ["Password Strength Checker", "Password Strength", "Password"],
         "responses": ["It is recommended that your password uses a mix of characters (uppercase, lowercase, numbers, symbols, etc.), make it no shorter than 12 characters, and does not tie to your personal information. Click <a href='http://localhost:8080/index.html'>here</a> to test the strength of your passwords"]
        },
        {"tag": "socialmedia",
         "patterns": ["Social Media", "Social Media Detector", "Social Media Status Detector"],
         "responses": ["SkanSec will help you detect what Social Media platforms you are currently logged in to. Click <a href='http://localhost:8080/SkanSecSocialMedia/index.html'>here</a> to visit our Social Media Detector website."]
        },
        {"tag": "antivirus",
         "patterns": ["Antivirus", "Antivirus Scanner"],
         "responses": ["SkanSec's AntiVirus Scanner will help to scan any file you decide to upload. You can download the AntiVirus Scanner <a href='https://drive.google.com/drive/folders/1PoBFy1UmsaY1rGFecZDPo7Qbigm_43Y8'>here</a>"]
        },
        {"tag": "funny",
         "patterns": ["lmao", "lmfao", "lol", "funny", "hilarious"],
         "responses": ["HAHAHAHA", "That was pretty funny!", "LMAO IKR"]
        },
        {"tag": "praise",
         "patterns": ["You are the best", "You are smart", "You are good", "You are clever"],
         "responses": ["Obviously!", "Duhhh", "You too!"]
        }
   ]
}